asset_id,asset_type,data_title,data_asset_focus_area,data_asset_type,data_asset_target,data_asset_tags,data_asset_indication,data_asset_description,data_asset_phases,indication,region,phase_status_class,phase_status_label
abbv-142,pharmaceutical,ABBV-142,Immunology,Biologic,LPAR1,"Biologic,Immunology,Pharmaceutical,LPAR1",Idiopathic Pulmonary Fibrosis,"ABBV-142 is a lysophosphatidic acid receptor 1 (LPAR1) antagonist antibody being investigated for the treatment of idiopathic pulmonary fibrosis (IPF). LPAR1 contributes to the underlying pathology of fibrotic diseases and amplifies inflammation and fibrosis in the lungs, among other tissues. Inhibition of LPAR1 may address systemic sclerosis (SSc) and IPF pathogenesis.",Phase 1,Idiopathic Pulmonary Fibrosis,N / A,phase1,phase1
abbv-166_(skyrizi_+_lutikizumab),pharmaceutical,ABBV-166 (SKYRIZI + Lutikizumab),Immunology,Biologic,IL-23 + IL-1a / 1b,"Biologic,Immunology,Pharmaceutical,IL-23 + IL-1a / 1b",Psoriatic Arthritis,Skyrizi (risankizumab) (ABBV-066) is an anti-IL-23 antibody. Lutikizumab (ABT-981) is an IL-1a/1b antagonist. Risankizumab + lutikizumab (ABBV-166) are being investigated as a combination therapy for the treatment of Crohn's disease and psoriatic arthritis.,Phase 2,Psoriatic Arthritis,N / A,phase2,phase2
abbv-243,pharmaceutical,ABBV-243,Immunology,Biologic,Integrin β7 (α4β7 and αEβ7),"Integrin β7 (α4β7 and αEβ7),Biologic,Immunology,Pharmaceutical",Inflammatory Bowel Disease (IBD),"ABBV-243 is an integrin β7 antibody,targeting both integrins α4β7 and αEβ7. It is being investigated for the treatment of inflammatory bowel diseases.",Phase 1,Inflammatory Bowel Disease (IBD),N / A,phase1,phase1
abbv-319,pharmaceutical,ABBV-319,Immunology,Biologic,CD19,"Biologic,Immunology,Pharmaceutical,CD19","Systemic Lupus Erythematosus (SLE),Sjogren's disease",ABBV-319 is a steroid-based ADC targeting CD19 being investigated for treatment of systemic lupus erythematosus (SLE) and Sjogren's disease (SjD).,Phase 1,Sjogren's disease,N / A,phase1,phase1
abbv-319,pharmaceutical,ABBV-319,Immunology,Biologic,CD19,"Biologic,Immunology,Pharmaceutical,CD19","Systemic Lupus Erythematosus (SLE),Sjogren's disease",ABBV-319 is a steroid-based ADC targeting CD19 being investigated for treatment of systemic lupus erythematosus (SLE) and Sjogren's disease (SjD).,Phase 1,Systemic Lupus Erythematosus (SLE),N / A,phase1,phase1
abbv-466_(skyrizi_+_abbv-382),pharmaceutical,ABBV-466 (SKYRIZI + ABBV-382),Immunology,Biologic,IL-23 + anti-a4b7 mAb,"Biologic,Immunology,IL-23 + anti-a4b7 mAb,Pharmaceutical",Crohn's Disease,Skyrizi (risankizumab) (ABBV-066) is an anti-IL-23 antibody. ABBV-382 is an anti-a4B7 mAb. Risankizumab + ABBV-382 (ABBV-466) are being investigated as a combination therapy for the treatment of Crohn's disease.,Phase 2,Crohn's Disease,N / A,phase2,phase2
abbv-547,pharmaceutical,ABBV-547,Immunology,Biologic,IL-23,"Biologic,Immunology,IL-23,Pharmaceutical",Psoriasis (PsO),ABBV-547 is a next generation anti-IL-23 antibody. ABBV-547 is being investigated as a potential therapy for the treatment of psoriasis.,Phase 1,Psoriasis (PsO),N / A,phase1,phase1
abbv-619,pharmaceutical,ABBV-619,Immunology,Biologic,CD19,"Biologic,Immunology,Pharmaceutical,CD19",Autoimmune diseases,ABBV-619 is a potential first-in-class in vivo targeted lipid nanoparticle (tLNP) anti-CD19 CAR-T therapy candidate in development for the treatment of B cell-mediated autoimmune diseases.,Phase 1,Autoimmune diseases,N / A,phase1,phase1
abbv-701,pharmaceutical,ABBV-701,Immunology,Biologic,TL1A,"Biologic,Immunology,TL1A,Pharmaceutical",Inflammatory Bowel Disease,ABBV-701 is an anti-TL1a antibody that is being investigated for the treatment of inflammatory bowel disease.,Phase 1,Inflammatory Bowel Disease,N / A,phase1,phase1
abbv-722,pharmaceutical,ABBV-722,Immunology,Small Molecule,LPAR1,"Immunology,Small Molecule,Pharmaceutical,LPAR1","Idiopathic Pulmonary Fibrosis,Systemic Sclerosis","ABBV-722 is a lysophosphatidic acid receptor 1 (LPAR1) small molecule antagonist being investigated for the treatment of systemic sclerosis (SSc) and idiopathic pulmonary fibrosis (IPF). LPAR1 contributes to the underlying pathology of fibrotic diseases and amplifies inflammation and fibrosis in the lungs, among other tissues. Inhibition of LPAR1 may address SSc and IPF pathogenesis.",Phase 1,Idiopathic Pulmonary Fibrosis,N / A,phase1,phase1
abbv-722,pharmaceutical,ABBV-722,Immunology,Small Molecule,LPAR1,"Immunology,Small Molecule,Pharmaceutical,LPAR1","Idiopathic Pulmonary Fibrosis,Systemic Sclerosis","ABBV-722 is a lysophosphatidic acid receptor 1 (LPAR1) small molecule antagonist being investigated for the treatment of systemic sclerosis (SSc) and idiopathic pulmonary fibrosis (IPF). LPAR1 contributes to the underlying pathology of fibrotic diseases and amplifies inflammation and fibrosis in the lungs, among other tissues. Inhibition of LPAR1 may address SSc and IPF pathogenesis.",Phase 1,Systemic Sclerosis,N / A,phase1,phase1
abbv-848,pharmaceutical,ABBV-848,Immunology,Small Molecule,IRAK4,"Immunology,Small Molecule,Pharmaceutical,IRAK4",Rheumatoid Arthritis (RA),"ABBV-848 is a small molecule inhibitor of IRAK4 (Interleukin-1 receptor-associated kinase 4) being investigated for the treatment of rheumatoid arthritis (RA). AbbVie holds exclusive rights from Createrna to develop, manufacture, and commercialize ABBV-848 outside of China.",Phase 1,Rheumatoid Arthritis (RA),N / A,phase1,phase1
abbv-8736,pharmaceutical,ABBV-8736,Immunology,Biologic,TREM1,"Biologic,Immunology,Pharmaceutical,TREM1",Crohn's Disease (CD),"ABBV-8736 is an anti-Triggering Receptor Expressed on Myeloid Cells 1 (TREM1) antibody being investigated for treatment of inflammatory bowel disease (IBD). TREM1 has been identified as a key disease driver gene in IBD, upstream of known inflammatory pathways.",Phase 2,Crohn's Disease (CD),N / A,phase2,phase2
abbv-9832_(lutikizumab_+_ravagalimab),pharmaceutical,ABBV-9832 (Lutikizumab + Ravagalimab),Immunology,Biologic,IL-1a / 1b + CD40 antagonist,"Biologic,Immunology,IL-1a / 1b + CD40 antagonist,Pharmaceutical",Rheumatoid Arthritis (RA),Lutikizumab (ABT-981) is an IL-1a/1b antagonist. Ravagalimab is a CD40 antagonist. Lutikizumab + ravagalimab (ABBV-9832) are being investigated as a combination therapy for the treatment of rheumatoid arthritis.,Phase 2,Rheumatoid Arthritis (RA),N / A,phase2,phase2
lutikizumab,pharmaceutical,Lutikizumab,Immunology,Biologic,IL-1a / 1b,"Biologic,Immunology,Pharmaceutical,IL-1a / 1b",Hidradenitis Suppurativa,"Lutikizumab (ABT-981) is an IL-1a/1b antagonist being investigated for the treatment of hidradenitis suppurativa (HS), ulcerative colitis (UC), and atopic dermatitis (AD).",Phase 3,Hidradenitis Suppurativa,N / A,phase3,phase3
rinvoq,pharmaceutical,RINVOQ,Immunology,Small Molecule,JAK1,"Immunology,Small Molecule,JAK1,Pharmaceutical","Axial SpA,Hidradenitis Suppurativa,Atopic Dermatitis,Alopecia Areata,Rheumatoid Arthritis,Takayasu Arteritis,Ankylosing Spondylitis,Crohn's Disease,Vitiligo,Giant Cell Arteritis,Systemic Lupus Erythematosus (SLE),Ulcerative Colitis,Psoriatic Arthritis","Upadacitinib (ABT-494) is a JAK1 selective inhibitor approved to treat ankylosing spondylitis, atopic dermatitis, axial SpA, Crohn's disease, giant cell arteritis, psoriatic arthritis, rheumatoid arthritis and ulcerative colitis. It is being investigated to treat alopecia areata, hidradenitis suppurativa (HS), systemic lupus erthematosus (SLE), Takayasu arteritis and vitiligo.","Submitted,Approved,Phase 3",Alopecia Areata,"US , EU",submitted,submitted
rinvoq,pharmaceutical,RINVOQ,Immunology,Small Molecule,JAK1,"Immunology,Small Molecule,JAK1,Pharmaceutical","Axial SpA,Hidradenitis Suppurativa,Atopic Dermatitis,Alopecia Areata,Rheumatoid Arthritis,Takayasu Arteritis,Ankylosing Spondylitis,Crohn's Disease,Vitiligo,Giant Cell Arteritis,Systemic Lupus Erythematosus (SLE),Ulcerative Colitis,Psoriatic Arthritis","Upadacitinib (ABT-494) is a JAK1 selective inhibitor approved to treat ankylosing spondylitis, atopic dermatitis, axial SpA, Crohn's disease, giant cell arteritis, psoriatic arthritis, rheumatoid arthritis and ulcerative colitis. It is being investigated to treat alopecia areata, hidradenitis suppurativa (HS), systemic lupus erthematosus (SLE), Takayasu arteritis and vitiligo.","Submitted,Approved,Phase 3",Ankylosing Spondylitis,"US , EU",approved,approved
rinvoq,pharmaceutical,RINVOQ,Immunology,Small Molecule,JAK1,"Immunology,Small Molecule,JAK1,Pharmaceutical","Axial SpA,Hidradenitis Suppurativa,Atopic Dermatitis,Alopecia Areata,Rheumatoid Arthritis,Takayasu Arteritis,Ankylosing Spondylitis,Crohn's Disease,Vitiligo,Giant Cell Arteritis,Systemic Lupus Erythematosus (SLE),Ulcerative Colitis,Psoriatic Arthritis","Upadacitinib (ABT-494) is a JAK1 selective inhibitor approved to treat ankylosing spondylitis, atopic dermatitis, axial SpA, Crohn's disease, giant cell arteritis, psoriatic arthritis, rheumatoid arthritis and ulcerative colitis. It is being investigated to treat alopecia areata, hidradenitis suppurativa (HS), systemic lupus erthematosus (SLE), Takayasu arteritis and vitiligo.","Submitted,Approved,Phase 3",Atopic Dermatitis,"US , EU",approved,approved
rinvoq,pharmaceutical,RINVOQ,Immunology,Small Molecule,JAK1,"Immunology,Small Molecule,JAK1,Pharmaceutical","Axial SpA,Hidradenitis Suppurativa,Atopic Dermatitis,Alopecia Areata,Rheumatoid Arthritis,Takayasu Arteritis,Ankylosing Spondylitis,Crohn's Disease,Vitiligo,Giant Cell Arteritis,Systemic Lupus Erythematosus (SLE),Ulcerative Colitis,Psoriatic Arthritis","Upadacitinib (ABT-494) is a JAK1 selective inhibitor approved to treat ankylosing spondylitis, atopic dermatitis, axial SpA, Crohn's disease, giant cell arteritis, psoriatic arthritis, rheumatoid arthritis and ulcerative colitis. It is being investigated to treat alopecia areata, hidradenitis suppurativa (HS), systemic lupus erthematosus (SLE), Takayasu arteritis and vitiligo.","Submitted,Approved,Phase 3",Axial SpA,"US , EU",approved,approved
rinvoq,pharmaceutical,RINVOQ,Immunology,Small Molecule,JAK1,"Immunology,Small Molecule,JAK1,Pharmaceutical","Axial SpA,Hidradenitis Suppurativa,Atopic Dermatitis,Alopecia Areata,Rheumatoid Arthritis,Takayasu Arteritis,Ankylosing Spondylitis,Crohn's Disease,Vitiligo,Giant Cell Arteritis,Systemic Lupus Erythematosus (SLE),Ulcerative Colitis,Psoriatic Arthritis","Upadacitinib (ABT-494) is a JAK1 selective inhibitor approved to treat ankylosing spondylitis, atopic dermatitis, axial SpA, Crohn's disease, giant cell arteritis, psoriatic arthritis, rheumatoid arthritis and ulcerative colitis. It is being investigated to treat alopecia areata, hidradenitis suppurativa (HS), systemic lupus erthematosus (SLE), Takayasu arteritis and vitiligo.","Submitted,Approved,Phase 3",Crohn's Disease,"US , EU",approved,approved
rinvoq,pharmaceutical,RINVOQ,Immunology,Small Molecule,JAK1,"Immunology,Small Molecule,JAK1,Pharmaceutical","Axial SpA,Hidradenitis Suppurativa,Atopic Dermatitis,Alopecia Areata,Rheumatoid Arthritis,Takayasu Arteritis,Ankylosing Spondylitis,Crohn's Disease,Vitiligo,Giant Cell Arteritis,Systemic Lupus Erythematosus (SLE),Ulcerative Colitis,Psoriatic Arthritis","Upadacitinib (ABT-494) is a JAK1 selective inhibitor approved to treat ankylosing spondylitis, atopic dermatitis, axial SpA, Crohn's disease, giant cell arteritis, psoriatic arthritis, rheumatoid arthritis and ulcerative colitis. It is being investigated to treat alopecia areata, hidradenitis suppurativa (HS), systemic lupus erthematosus (SLE), Takayasu arteritis and vitiligo.","Submitted,Approved,Phase 3",Giant Cell Arteritis,"US , EU",approved,approved
rinvoq,pharmaceutical,RINVOQ,Immunology,Small Molecule,JAK1,"Immunology,Small Molecule,JAK1,Pharmaceutical","Axial SpA,Hidradenitis Suppurativa,Atopic Dermatitis,Alopecia Areata,Rheumatoid Arthritis,Takayasu Arteritis,Ankylosing Spondylitis,Crohn's Disease,Vitiligo,Giant Cell Arteritis,Systemic Lupus Erythematosus (SLE),Ulcerative Colitis,Psoriatic Arthritis","Upadacitinib (ABT-494) is a JAK1 selective inhibitor approved to treat ankylosing spondylitis, atopic dermatitis, axial SpA, Crohn's disease, giant cell arteritis, psoriatic arthritis, rheumatoid arthritis and ulcerative colitis. It is being investigated to treat alopecia areata, hidradenitis suppurativa (HS), systemic lupus erthematosus (SLE), Takayasu arteritis and vitiligo.","Submitted,Approved,Phase 3",Hidradenitis Suppurativa,N / A,phase3,phase3
rinvoq,pharmaceutical,RINVOQ,Immunology,Small Molecule,JAK1,"Immunology,Small Molecule,JAK1,Pharmaceutical","Axial SpA,Hidradenitis Suppurativa,Atopic Dermatitis,Alopecia Areata,Rheumatoid Arthritis,Takayasu Arteritis,Ankylosing Spondylitis,Crohn's Disease,Vitiligo,Giant Cell Arteritis,Systemic Lupus Erythematosus (SLE),Ulcerative Colitis,Psoriatic Arthritis","Upadacitinib (ABT-494) is a JAK1 selective inhibitor approved to treat ankylosing spondylitis, atopic dermatitis, axial SpA, Crohn's disease, giant cell arteritis, psoriatic arthritis, rheumatoid arthritis and ulcerative colitis. It is being investigated to treat alopecia areata, hidradenitis suppurativa (HS), systemic lupus erthematosus (SLE), Takayasu arteritis and vitiligo.","Submitted,Approved,Phase 3",Psoriatic Arthritis,"US , EU",approved,approved
rinvoq,pharmaceutical,RINVOQ,Immunology,Small Molecule,JAK1,"Immunology,Small Molecule,JAK1,Pharmaceutical","Axial SpA,Hidradenitis Suppurativa,Atopic Dermatitis,Alopecia Areata,Rheumatoid Arthritis,Takayasu Arteritis,Ankylosing Spondylitis,Crohn's Disease,Vitiligo,Giant Cell Arteritis,Systemic Lupus Erythematosus (SLE),Ulcerative Colitis,Psoriatic Arthritis","Upadacitinib (ABT-494) is a JAK1 selective inhibitor approved to treat ankylosing spondylitis, atopic dermatitis, axial SpA, Crohn's disease, giant cell arteritis, psoriatic arthritis, rheumatoid arthritis and ulcerative colitis. It is being investigated to treat alopecia areata, hidradenitis suppurativa (HS), systemic lupus erthematosus (SLE), Takayasu arteritis and vitiligo.","Submitted,Approved,Phase 3",Rheumatoid Arthritis,"US , EU",approved,approved
rinvoq,pharmaceutical,RINVOQ,Immunology,Small Molecule,JAK1,"Immunology,Small Molecule,JAK1,Pharmaceutical","Axial SpA,Hidradenitis Suppurativa,Atopic Dermatitis,Alopecia Areata,Rheumatoid Arthritis,Takayasu Arteritis,Ankylosing Spondylitis,Crohn's Disease,Vitiligo,Giant Cell Arteritis,Systemic Lupus Erythematosus (SLE),Ulcerative Colitis,Psoriatic Arthritis","Upadacitinib (ABT-494) is a JAK1 selective inhibitor approved to treat ankylosing spondylitis, atopic dermatitis, axial SpA, Crohn's disease, giant cell arteritis, psoriatic arthritis, rheumatoid arthritis and ulcerative colitis. It is being investigated to treat alopecia areata, hidradenitis suppurativa (HS), systemic lupus erthematosus (SLE), Takayasu arteritis and vitiligo.","Submitted,Approved,Phase 3",Systemic Lupus Erythematosus (SLE),N / A,phase3,phase3
rinvoq,pharmaceutical,RINVOQ,Immunology,Small Molecule,JAK1,"Immunology,Small Molecule,JAK1,Pharmaceutical","Axial SpA,Hidradenitis Suppurativa,Atopic Dermatitis,Alopecia Areata,Rheumatoid Arthritis,Takayasu Arteritis,Ankylosing Spondylitis,Crohn's Disease,Vitiligo,Giant Cell Arteritis,Systemic Lupus Erythematosus (SLE),Ulcerative Colitis,Psoriatic Arthritis","Upadacitinib (ABT-494) is a JAK1 selective inhibitor approved to treat ankylosing spondylitis, atopic dermatitis, axial SpA, Crohn's disease, giant cell arteritis, psoriatic arthritis, rheumatoid arthritis and ulcerative colitis. It is being investigated to treat alopecia areata, hidradenitis suppurativa (HS), systemic lupus erthematosus (SLE), Takayasu arteritis and vitiligo.","Submitted,Approved,Phase 3",Takayasu Arteritis,JA,phase3,phase3
rinvoq,pharmaceutical,RINVOQ,Immunology,Small Molecule,JAK1,"Immunology,Small Molecule,JAK1,Pharmaceutical","Axial SpA,Hidradenitis Suppurativa,Atopic Dermatitis,Alopecia Areata,Rheumatoid Arthritis,Takayasu Arteritis,Ankylosing Spondylitis,Crohn's Disease,Vitiligo,Giant Cell Arteritis,Systemic Lupus Erythematosus (SLE),Ulcerative Colitis,Psoriatic Arthritis","Upadacitinib (ABT-494) is a JAK1 selective inhibitor approved to treat ankylosing spondylitis, atopic dermatitis, axial SpA, Crohn's disease, giant cell arteritis, psoriatic arthritis, rheumatoid arthritis and ulcerative colitis. It is being investigated to treat alopecia areata, hidradenitis suppurativa (HS), systemic lupus erthematosus (SLE), Takayasu arteritis and vitiligo.","Submitted,Approved,Phase 3",Ulcerative Colitis,"US , EU",approved,approved
rinvoq,pharmaceutical,RINVOQ,Immunology,Small Molecule,JAK1,"Immunology,Small Molecule,JAK1,Pharmaceutical","Axial SpA,Hidradenitis Suppurativa,Atopic Dermatitis,Alopecia Areata,Rheumatoid Arthritis,Takayasu Arteritis,Ankylosing Spondylitis,Crohn's Disease,Vitiligo,Giant Cell Arteritis,Systemic Lupus Erythematosus (SLE),Ulcerative Colitis,Psoriatic Arthritis","Upadacitinib (ABT-494) is a JAK1 selective inhibitor approved to treat ankylosing spondylitis, atopic dermatitis, axial SpA, Crohn's disease, giant cell arteritis, psoriatic arthritis, rheumatoid arthritis and ulcerative colitis. It is being investigated to treat alopecia areata, hidradenitis suppurativa (HS), systemic lupus erthematosus (SLE), Takayasu arteritis and vitiligo.","Submitted,Approved,Phase 3",Vitiligo,"US , EU",submitted,submitted
abbv-1042,pharmaceutical,ABBV-1042,Neuroscience,Small Molecule,M4 Receptor,"Small Molecule,Pharmaceutical,Neuroscience,M4 Receptor",Bipolar Mania,ABBV-1042 is an M4 receptor agonist being investigated for bipolar mania.,Phase 1,Bipolar Mania,,phase1,phase1
abbv-1758,pharmaceutical,ABBV-1758,Neuroscience,Biologic,Pyroglutamate (3pE) Aβ,"Biologic,Pyroglutamate (3pE) Aβ,Pharmaceutical,Neuroscience",Alzheimer's Disease,ABBV-1758 is an amyloid beta (3pE-Aβ) antibody with anti-TfR delivery module in development for the treatment of Alzheimer's disease.,Phase 1,Alzheimer's Disease,N / A,phase1,phase1
abbv-2002,pharmaceutical,ABBV-2002,Neuroscience,Biologic,PAR-2,"Biologic,Pharmaceutical,Neuroscience,PAR-2",Migraine,ABBV-2002 is a monoclonal antibody targeting protease-activated receptor 2 (PAR-2) in development as a potential treatment to prevent migraine.,Phase 2,Migraine,,phase2,phase2
abbv-932,pharmaceutical,ABBV-932,Neuroscience,Small Molecule,DRD2 / DRD3 Modulator,"Small Molecule,Pharmaceutical,DRD2 / DRD3 Modulator,Neuroscience","Bipolar Depression,Generalized Anxiety Disorder",ABBV 932 is a selective D3 dopamine receptor modulator being investigated as a monotherapy for the treatment of bipolar depression and as an adjunctive therapy for generalized anxiety disorder. Developed in partnership with Gedeon Richter.,Phase 2,Bipolar Depression,N / A,phase2,phase2
abbv-932,pharmaceutical,ABBV-932,Neuroscience,Small Molecule,DRD2 / DRD3 Modulator,"Small Molecule,Pharmaceutical,DRD2 / DRD3 Modulator,Neuroscience","Bipolar Depression,Generalized Anxiety Disorder",ABBV 932 is a selective D3 dopamine receptor modulator being investigated as a monotherapy for the treatment of bipolar depression and as an adjunctive therapy for generalized anxiety disorder. Developed in partnership with Gedeon Richter.,Phase 2,Generalized Anxiety Disorder,N / A,phase2,phase2
bretisilocin,pharmaceutical,Bretisilocin,Neuroscience,Small Molecule,Serotonin 5-HT2A receptor,"Small Molecule,Pharmaceutical,Neuroscience,Serotonin 5-HT2A receptor",Major Depressive Disorder,"Bretisilocin is a novel, short-acting serotonin, 5-HT2A receptor agonist in development for major depressive disorder.",Phase 2,Major Depressive Disorder,N / A,phase2,phase2
emraclidine,pharmaceutical,Emraclidine,Neuroscience,Small Molecule,M4 PAM,"M4 PAM,Small Molecule,Pharmaceutical,Neuroscience","Psychosis,Schizophrenia",Emraclidine is an orally available muscarinic M4 Receptor (PAM) being investigated for the treatment of schizophrenia and other forms of psychosis.,"Phase 2,Phase 1",Schizophrenia,N / A,phase2,phase2
emraclidine,pharmaceutical,Emraclidine,Neuroscience,Small Molecule,M4 PAM,"M4 PAM,Small Molecule,Pharmaceutical,Neuroscience","Psychosis,Schizophrenia",Emraclidine is an orally available muscarinic M4 Receptor (PAM) being investigated for the treatment of schizophrenia and other forms of psychosis.,"Phase 2,Phase 1",Psychosis,N / A,phase1,phase1
gemibotulinumtoxina,pharmaceutical,GemibotulinumtoxinA,Neuroscience,Biologic,SNAP-25,"SNAP-25,Biologic,Neuroscience",Ventral Hernia Repair (VHR),GemibotulinumtoxinA (GemibotA) is a next-generation toxin in development for ventral hernia repair.,Phase 2,Ventral Hernia Repair (VHR),,phase2,phase2
icalcaprant_(abbv-1354),pharmaceutical,Icalcaprant (ABBV-1354),Neuroscience,Small Molecule,KOR antagonist,"Small Molecule,Pharmaceutical,Neuroscience,KOR antagonist","Major Depressive Disorder (MDD),Bipolar Depression",Icalcaprant (ABBV-1354) is a kappa opioid receptor (KOR) antagonist being investigated for treatment of depression.,Phase 2,Bipolar Depression,N / A,phase2,phase2
icalcaprant_(abbv-1354),pharmaceutical,Icalcaprant (ABBV-1354),Neuroscience,Small Molecule,KOR antagonist,"Small Molecule,Pharmaceutical,Neuroscience,KOR antagonist","Major Depressive Disorder (MDD),Bipolar Depression",Icalcaprant (ABBV-1354) is a kappa opioid receptor (KOR) antagonist being investigated for treatment of depression.,Phase 2,Major Depressive Disorder (MDD),N / A,phase2,phase2
qulipta,pharmaceutical,QULIPTA,Neuroscience,Small Molecule,CGRP receptor,"CGRP receptor,Small Molecule,Pharmaceutical,Neuroscience","Acute Migraine,Menstrual Migraine",QULIPTA (atogepant) is a calcitonin gene-related peptide (CGRP) receptor antagonist being investigated (outside the U.S.) for the treatment of acute migraine and preventive treatment of menstrual migraine.,"Submitted,Phase 3",Acute Migraine,OUS,submitted,submitted
qulipta,pharmaceutical,QULIPTA,Neuroscience,Small Molecule,CGRP receptor,"CGRP receptor,Small Molecule,Pharmaceutical,Neuroscience","Acute Migraine,Menstrual Migraine",QULIPTA (atogepant) is a calcitonin gene-related peptide (CGRP) receptor antagonist being investigated (outside the U.S.) for the treatment of acute migraine and preventive treatment of menstrual migraine.,"Submitted,Phase 3",Menstrual Migraine,OUS,phase3,phase3
tavapadon,pharmaceutical,Tavapadon,Neuroscience,Small Molecule,D1 / D5 Partial Agonist,"Small Molecule,D1 / D5 Partial Agonist,Pharmaceutical,Neuroscience",Parkinson's Disease,Tavapadon is an orally active dopamine D1/D5 receptor selective partial agonist being investigated for the treatment of Parkinson's disease (both monotherapy and adjunctive).,Submitted,Parkinson's Disease,N / A,submitted,submitted
ubrelvy,pharmaceutical,UBRELVY,Neuroscience,Small Molecule,CGRP receptor,"CGRP receptor,Small Molecule,Pharmaceutical,Neuroscience",Menstrual Migraine,UBRELVY (ubrogepant) is a calcitonin gene-related peptide (CGRP) receptor antagonist being investigated for the preventive treatment of menstrual migraine.,Phase 3,Menstrual Migraine,N / A,phase3,phase3
abbv-1480,pharmaceutical,ABBV-1480,Oncology,Biologic,"PD-1, VEGF","Biologic,PD-1, VEGF,Oncology",Solid Tumors,"ABBV-1480 (RC148) is an investigational Programmed Cell Death-1 (PD-1)/Vascular Endothelial Growth Factor (VEGF)-targeted bispecific antibody being investigated in multiple advanced solid tumors including non-small cell lung cancer (NSCLC) and colorectal cancer (CRC). AbbVie holds exclusive rights from RemeGen to develop, manufacture, and commercialize ABBV-1480 outside of the Greater China territory.",Phase 1,Solid Tumors,N / A,phase1,phase1
abbv-181_(budigalimab),pharmaceutical,ABBV-181 (budigalimab),Oncology,Biologic,PD1,"Biologic,Pharmaceutical,Oncology,PD1",Solid and Hematologic Tumors,ABBV-181 (budigalimab) is an anti-PD1 monoclonal humanized antibody that is being developed for combinations with other AbbVie molecules for solid tumors and hematologic malignancies.,Phase 2,Solid and Hematologic Tumors,N / A,phase2,phase2
abbv-2001,pharmaceutical,ABBV-2001,Oncology,Biologic,"BCMA, CD38, CD3","BCMA, CD38, CD3,Biologic,Pharmaceutical,Oncology",Relapsed / Refractory Multiple Myeloma,"ABBV-2001 (ISB 2001) is a first-in-class trispecific T-cell engager that targets CD38 and BCMA on myeloma cells and CD3 on T cells. It is currently being investigated for relapsed/refractory multiple myeloma. ABBV-2001 was developed using IGI's proprietary BEAT® platform. AbbVie holds exclusive rights to develop, manufacture, and commercialize ABBV-2001 across North America, Europe, Japan and Greater China.",Phase 1,Relapsed / Refractory Multiple Myeloma,N / A,phase1,phase1
abbv-324,pharmaceutical,ABBV-324,Oncology,Biologic,N / A,"Biologic,Pharmaceutical,Oncology,N / A",Solid Tumors,"ABBV-324 is an antibody-drug conjugate (ADC) being investigated in advanced solid tumors, including squamous-cell non-small cell lung cancer and hepatocellular carcinoma (HCC).",Phase 1,Solid Tumors,N / A,phase1,phase1
abbv-514,pharmaceutical,ABBV-514,Oncology,Biologic,CCR8,"Biologic,Pharmaceutical,Oncology,CCR8",Solid Tumors,ABBV-514 is an anti-chemokine C-C motif receptor 8 (CCR8) antibody that is being investigated for the treatment of relapsed non-small cell lung cancer (NSCLC) and head and neck squamous cell carcinoma (HNSCC) as a single agent and in combination with a PD-1 inhibitor.,Phase 1,Solid Tumors,N / A,phase1,phase1
abbv-525,pharmaceutical,ABBV-525,Oncology,Small Molecule,MALT1,"Small Molecule,Pharmaceutical,MALT1,Oncology",Hematologic Tumors,"ABBV-525 is an oral small-molecule inhibitor of Mucosa-Associated Lymphoid Tissue Lymphoma Translocation Protein 1 (MALT1), being investigated in B-cell malignancies.",Phase 1,Hematologic Tumors,N / A,phase1,phase1
abbv-706,pharmaceutical,ABBV-706,Oncology,Biologic,SEZ6,"Biologic,Pharmaceutical,Oncology,SEZ6","Relapsed / Refractory Small Cell Lung Cancer,Neuroendocrine Neoplasms,First Line Small Cell Lung Cancer",ABBV-706 is a seizure protein 6 homolog (SEZ6) targeted antibody-drug conjugate with a topoisomerase 1 inhibitor (Top1i) payload being investigated for the treatment of certain solid tumors.,"Phase 3,Phase 2,Phase 1",First Line Small Cell Lung Cancer,N / A,phase2,phase2
abbv-706,pharmaceutical,ABBV-706,Oncology,Biologic,SEZ6,"Biologic,Pharmaceutical,Oncology,SEZ6","Relapsed / Refractory Small Cell Lung Cancer,Neuroendocrine Neoplasms,First Line Small Cell Lung Cancer",ABBV-706 is a seizure protein 6 homolog (SEZ6) targeted antibody-drug conjugate with a topoisomerase 1 inhibitor (Top1i) payload being investigated for the treatment of certain solid tumors.,"Phase 3,Phase 2,Phase 1",Relapsed / Refractory Small Cell Lung Cancer,,phase3,phase3
abbv-706,pharmaceutical,ABBV-706,Oncology,Biologic,SEZ6,"Biologic,Pharmaceutical,Oncology,SEZ6","Relapsed / Refractory Small Cell Lung Cancer,Neuroendocrine Neoplasms,First Line Small Cell Lung Cancer",ABBV-706 is a seizure protein 6 homolog (SEZ6) targeted antibody-drug conjugate with a topoisomerase 1 inhibitor (Top1i) payload being investigated for the treatment of certain solid tumors.,"Phase 3,Phase 2,Phase 1",Neuroendocrine Neoplasms,N / A,phase1,phase1
abbv-711,pharmaceutical,ABBV-711,Oncology,Small Molecule,N / A,"Small Molecule,Pharmaceutical,Oncology,N / A",Solid Tumors,ABBV-711 is being investigated in advanced squamous solid tumors including squamous non-small cell lung cancer (NSCLC) and head and neck squamous cell carcinoma (HNSCC).,Phase 1,Solid Tumors,N / A,phase1,phase1
abbv-901,pharmaceutical,ABBV-901,Oncology,Biologic,N / A,"Biologic,Pharmaceutical,Oncology,N / A",Ovarian Cancer,ABBV-901 is an antibody-drug conjugate (ADC) being investigated in ovarian cancer.,Phase 1,Ovarian Cancer,N / A,phase1,phase1
abbv-969,pharmaceutical,ABBV-969,Oncology,Biologic,"PSMA,STEAP1","Biologic,Pharmaceutical,Oncology,PSMA,STEAP1",mCRPC,"ABBV-969 is an antibody-drug conjugate (ADC) targeting Prostate-Specific Membrane Antigen (PSMA) and six transmembrane epithelial antigen of the prostate 1 (STEAP1), with a topoisomerase 1 inhibitor (Top1i) payload being investigated to treat metastatic castration-resistant prostate cancer (mCRPC).",Phase 1,mCRPC,N / A,phase1,phase1
elahere,pharmaceutical,ELAHERE,Oncology,Biologic,FR-alpha,"Biologic,FR-alpha,Pharmaceutical,Oncology","Platinum-Resistant Ovarian Cancer,Platinum-Sensitive Ovarian Cancer",Elahere (mirvetuximab soravtansine) is a folate receptor alpha-targeting antibody drug conjugate (ADC) with a maytansinoid payload DM4 in platinum resistant and sensitive ovarian cancer.,"Approved,Phase 3",Platinum-Resistant Ovarian Cancer,N / A,approved,approved
elahere,pharmaceutical,ELAHERE,Oncology,Biologic,FR-alpha,"Biologic,FR-alpha,Pharmaceutical,Oncology","Platinum-Resistant Ovarian Cancer,Platinum-Sensitive Ovarian Cancer",Elahere (mirvetuximab soravtansine) is a folate receptor alpha-targeting antibody drug conjugate (ADC) with a maytansinoid payload DM4 in platinum resistant and sensitive ovarian cancer.,"Approved,Phase 3",Platinum-Sensitive Ovarian Cancer,N / A,phase3,phase3
emrelis,pharmaceutical,EMRELIS,Oncology,Biologic,c-Met,"Biologic,c-Met,Pharmaceutical,Oncology",Non-Small Cell Lung Cancer,Emrelis (Teliso-V (telisotuzumab vedotin)) (ABBV-399) is an antibody drug conjugate (ADC) targeting cMet with a monomethyl auristatin E (MMAE) payload that is approved to treat non-small cell lung cancer (NSCLC).,Approved,Non-Small Cell Lung Cancer,US,approved,approved
epkinly,pharmaceutical,EPKINLY,Oncology,Biologic,"CD3, CD20","Biologic,Pharmaceutical,Oncology,CD3, CD20","Richter's Syndrome,Relapsed / Refractory Diffuse Large B-cell Lymphoma,B-cell Non-Hodgkin lymphoma,Relapsed / Refractory Follicular Lymphoma,Relapsed / Refractory Chronic Lymphocytic Leukemia,First Line Follicular Lymphoma,First Line Diffuse Large B-cell Lymphoma","Epkinly (US), Tepkinly (EU) (epcoritamab) (Gen3013; DuoBody®-CD3xCD20) is a bispecific antibody created using Genmab's proprietary DuoBody® technology. It is designed to target CD3, which is expressed on T cells, and CD20 which is expressed on a majority of B cell malignancies. AbbVie and Genmab participate in the joint development and commercialization of Epcoritamab.","Approved,Phase 3,Phase 2",Relapsed / Refractory Diffuse Large B-cell Lymphoma,"US , EU",approved,approved
epkinly,pharmaceutical,EPKINLY,Oncology,Biologic,"CD3, CD20","Biologic,Pharmaceutical,Oncology,CD3, CD20","Richter's Syndrome,Relapsed / Refractory Diffuse Large B-cell Lymphoma,B-cell Non-Hodgkin lymphoma,Relapsed / Refractory Follicular Lymphoma,Relapsed / Refractory Chronic Lymphocytic Leukemia,First Line Follicular Lymphoma,First Line Diffuse Large B-cell Lymphoma","Epkinly (US), Tepkinly (EU) (epcoritamab) (Gen3013; DuoBody®-CD3xCD20) is a bispecific antibody created using Genmab's proprietary DuoBody® technology. It is designed to target CD3, which is expressed on T cells, and CD20 which is expressed on a majority of B cell malignancies. AbbVie and Genmab participate in the joint development and commercialization of Epcoritamab.","Approved,Phase 3,Phase 2",Relapsed / Refractory Follicular Lymphoma,N / A,approved,approved
epkinly,pharmaceutical,EPKINLY,Oncology,Biologic,"CD3, CD20","Biologic,Pharmaceutical,Oncology,CD3, CD20","Richter's Syndrome,Relapsed / Refractory Diffuse Large B-cell Lymphoma,B-cell Non-Hodgkin lymphoma,Relapsed / Refractory Follicular Lymphoma,Relapsed / Refractory Chronic Lymphocytic Leukemia,First Line Follicular Lymphoma,First Line Diffuse Large B-cell Lymphoma","Epkinly (US), Tepkinly (EU) (epcoritamab) (Gen3013; DuoBody®-CD3xCD20) is a bispecific antibody created using Genmab's proprietary DuoBody® technology. It is designed to target CD3, which is expressed on T cells, and CD20 which is expressed on a majority of B cell malignancies. AbbVie and Genmab participate in the joint development and commercialization of Epcoritamab.","Approved,Phase 3,Phase 2",Relapsed / Refractory Chronic Lymphocytic Leukemia,N / A,phase2,phase2
epkinly,pharmaceutical,EPKINLY,Oncology,Biologic,"CD3, CD20","Biologic,Pharmaceutical,Oncology,CD3, CD20","Richter's Syndrome,Relapsed / Refractory Diffuse Large B-cell Lymphoma,B-cell Non-Hodgkin lymphoma,Relapsed / Refractory Follicular Lymphoma,Relapsed / Refractory Chronic Lymphocytic Leukemia,First Line Follicular Lymphoma,First Line Diffuse Large B-cell Lymphoma","Epkinly (US), Tepkinly (EU) (epcoritamab) (Gen3013; DuoBody®-CD3xCD20) is a bispecific antibody created using Genmab's proprietary DuoBody® technology. It is designed to target CD3, which is expressed on T cells, and CD20 which is expressed on a majority of B cell malignancies. AbbVie and Genmab participate in the joint development and commercialization of Epcoritamab.","Approved,Phase 3,Phase 2",First Line Follicular Lymphoma,N / A,phase3,phase3
epkinly,pharmaceutical,EPKINLY,Oncology,Biologic,"CD3, CD20","Biologic,Pharmaceutical,Oncology,CD3, CD20","Richter's Syndrome,Relapsed / Refractory Diffuse Large B-cell Lymphoma,B-cell Non-Hodgkin lymphoma,Relapsed / Refractory Follicular Lymphoma,Relapsed / Refractory Chronic Lymphocytic Leukemia,First Line Follicular Lymphoma,First Line Diffuse Large B-cell Lymphoma","Epkinly (US), Tepkinly (EU) (epcoritamab) (Gen3013; DuoBody®-CD3xCD20) is a bispecific antibody created using Genmab's proprietary DuoBody® technology. It is designed to target CD3, which is expressed on T cells, and CD20 which is expressed on a majority of B cell malignancies. AbbVie and Genmab participate in the joint development and commercialization of Epcoritamab.","Approved,Phase 3,Phase 2",First Line Diffuse Large B-cell Lymphoma,N / A,phase3,phase3
epkinly,pharmaceutical,EPKINLY,Oncology,Biologic,"CD3, CD20","Biologic,Pharmaceutical,Oncology,CD3, CD20","Richter's Syndrome,Relapsed / Refractory Diffuse Large B-cell Lymphoma,B-cell Non-Hodgkin lymphoma,Relapsed / Refractory Follicular Lymphoma,Relapsed / Refractory Chronic Lymphocytic Leukemia,First Line Follicular Lymphoma,First Line Diffuse Large B-cell Lymphoma","Epkinly (US), Tepkinly (EU) (epcoritamab) (Gen3013; DuoBody®-CD3xCD20) is a bispecific antibody created using Genmab's proprietary DuoBody® technology. It is designed to target CD3, which is expressed on T cells, and CD20 which is expressed on a majority of B cell malignancies. AbbVie and Genmab participate in the joint development and commercialization of Epcoritamab.","Approved,Phase 3,Phase 2",B-cell Non-Hodgkin lymphoma,N / A,phase2,phase2
epkinly,pharmaceutical,EPKINLY,Oncology,Biologic,"CD3, CD20","Biologic,Pharmaceutical,Oncology,CD3, CD20","Richter's Syndrome,Relapsed / Refractory Diffuse Large B-cell Lymphoma,B-cell Non-Hodgkin lymphoma,Relapsed / Refractory Follicular Lymphoma,Relapsed / Refractory Chronic Lymphocytic Leukemia,First Line Follicular Lymphoma,First Line Diffuse Large B-cell Lymphoma","Epkinly (US), Tepkinly (EU) (epcoritamab) (Gen3013; DuoBody®-CD3xCD20) is a bispecific antibody created using Genmab's proprietary DuoBody® technology. It is designed to target CD3, which is expressed on T cells, and CD20 which is expressed on a majority of B cell malignancies. AbbVie and Genmab participate in the joint development and commercialization of Epcoritamab.","Approved,Phase 3,Phase 2",Richter's Syndrome,N / A,phase2,phase2
etentamig_(abbv-383),pharmaceutical,Etentamig (ABBV-383),Oncology,Biologic,"CD3, BCMA","CD3, BCMA,Biologic,Pharmaceutical,Oncology","Immunoglobulin Light Chain (AL) Amyloidosis,Relapsed / Refractory Multiple Myeloma (MM)",Etentamig (ABBV-383) is a BCMA x CD3 T-cell engaging bispecific antibody being studied in relapsed or refractory multiple myeloma and amyloidosis.,"Phase 3,Phase 2",Relapsed / Refractory Multiple Myeloma (MM),N / A,phase3,phase3
etentamig_(abbv-383),pharmaceutical,Etentamig (ABBV-383),Oncology,Biologic,"CD3, BCMA","CD3, BCMA,Biologic,Pharmaceutical,Oncology","Immunoglobulin Light Chain (AL) Amyloidosis,Relapsed / Refractory Multiple Myeloma (MM)",Etentamig (ABBV-383) is a BCMA x CD3 T-cell engaging bispecific antibody being studied in relapsed or refractory multiple myeloma and amyloidosis.,"Phase 3,Phase 2",Immunoglobulin Light Chain (AL) Amyloidosis,N / A,phase2,phase2
imgn151,pharmaceutical,IMGN151,Oncology,Biologic,FR-alpha,"Biologic,FR-alpha,Pharmaceutical,Oncology",Gynecologic Cancers,IMGN151 is a folate receptor alpha-targeting biparatropic antibody drug conjugate (ADC) with a maytansinoid derivative DM21 payload being investigated in gynecologic cancers.,Phase 2,Gynecologic Cancers,N / A,phase2,phase2
livmoniplimab_(abbv-151),pharmaceutical,Livmoniplimab (ABBV-151),Oncology,Biologic,GARP-TGF-β1,"Biologic,GARP-TGF-β1,Pharmaceutical,Oncology","Non-Small Cell Lung Cancer,Solid Tumors,Hepatocellular Carcinoma",Livmoniplimab (ABBV-151) is an anti-GARP-TGF-β1 monoclonal antibody being investigated as an immunotherapy for the treatment of certain solid tumors.,Phase 2,Hepatocellular Carcinoma,N / A,phase2,phase2
livmoniplimab_(abbv-151),pharmaceutical,Livmoniplimab (ABBV-151),Oncology,Biologic,GARP-TGF-β1,"Biologic,GARP-TGF-β1,Pharmaceutical,Oncology","Non-Small Cell Lung Cancer,Solid Tumors,Hepatocellular Carcinoma",Livmoniplimab (ABBV-151) is an anti-GARP-TGF-β1 monoclonal antibody being investigated as an immunotherapy for the treatment of certain solid tumors.,Phase 2,Solid Tumors,N / A,phase2,phase2
livmoniplimab_(abbv-151),pharmaceutical,Livmoniplimab (ABBV-151),Oncology,Biologic,GARP-TGF-β1,"Biologic,GARP-TGF-β1,Pharmaceutical,Oncology","Non-Small Cell Lung Cancer,Solid Tumors,Hepatocellular Carcinoma",Livmoniplimab (ABBV-151) is an anti-GARP-TGF-β1 monoclonal antibody being investigated as an immunotherapy for the treatment of certain solid tumors.,Phase 2,Non-Small Cell Lung Cancer,N / A,phase2,phase2
pivekimab_sunirine_(pvek),pharmaceutical,Pivekimab Sunirine (PVEK),Oncology,Biologic,CD123,"CD123,Biologic,Pharmaceutical,Oncology","Acute Myeloid Leukemia,BPDCN",Pivekimab is a CD123-targeting antibody drug conjugate (ADC) with a indolinobenzodiazepine DNA-targeting payload being investigated in BPDCN and AML.,"Submitted,Phase 2",BPDCN,N / A,submitted,submitted
pivekimab_sunirine_(pvek),pharmaceutical,Pivekimab Sunirine (PVEK),Oncology,Biologic,CD123,"CD123,Biologic,Pharmaceutical,Oncology","Acute Myeloid Leukemia,BPDCN",Pivekimab is a CD123-targeting antibody drug conjugate (ADC) with a indolinobenzodiazepine DNA-targeting payload being investigated in BPDCN and AML.,"Submitted,Phase 2",Acute Myeloid Leukemia,N / A,phase2,phase2
surzetoclax_(abbv-453),pharmaceutical,Surzetoclax (ABBV-453),Oncology,Small Molecule,BCL-2,"BCL-2,Small Molecule,Pharmaceutical,Oncology",Relapsed / Refractory Multiple Myeloma,ABBV-453 is an oral B-cell lymphoma 2 (BCL-2) inhibitor being investigated in relapsed or refractory (R/R) multiple myeloma (MM).,Phase 1,Relapsed / Refractory Multiple Myeloma,N / A,phase1,phase1
temab-a_(abbv-400),pharmaceutical,Temab-A (ABBV-400),Oncology,Biologic,c-Met,"Biologic,c-Met,Pharmaceutical,Oncology","Non-Small Cell Lung Cancer,Colorectal Cancer,Gastroesophageal adenocarcinoma,Solid Tumors","Temab-A (telisotuzumab adizutecan) (ABBV-400) is an antibody drug conjugate (ADC) targeting cMet with a topoisomerase 1 inhibitor (Top1i) payload that is being investigated to treat non-small cell lung cancer (NSCLC), colorectal cancer (CRC) and gastroesophageal adenocarcinoma (GEA).","Phase 3,Phase 2",Colorectal Cancer,N / A,phase3,phase3
temab-a_(abbv-400),pharmaceutical,Temab-A (ABBV-400),Oncology,Biologic,c-Met,"Biologic,c-Met,Pharmaceutical,Oncology","Non-Small Cell Lung Cancer,Colorectal Cancer,Gastroesophageal adenocarcinoma,Solid Tumors","Temab-A (telisotuzumab adizutecan) (ABBV-400) is an antibody drug conjugate (ADC) targeting cMet with a topoisomerase 1 inhibitor (Top1i) payload that is being investigated to treat non-small cell lung cancer (NSCLC), colorectal cancer (CRC) and gastroesophageal adenocarcinoma (GEA).","Phase 3,Phase 2",Solid Tumors,N / A,phase2,phase2
temab-a_(abbv-400),pharmaceutical,Temab-A (ABBV-400),Oncology,Biologic,c-Met,"Biologic,c-Met,Pharmaceutical,Oncology","Non-Small Cell Lung Cancer,Colorectal Cancer,Gastroesophageal adenocarcinoma,Solid Tumors","Temab-A (telisotuzumab adizutecan) (ABBV-400) is an antibody drug conjugate (ADC) targeting cMet with a topoisomerase 1 inhibitor (Top1i) payload that is being investigated to treat non-small cell lung cancer (NSCLC), colorectal cancer (CRC) and gastroesophageal adenocarcinoma (GEA).","Phase 3,Phase 2",Gastroesophageal adenocarcinoma,N / A,phase2,phase2
temab-a_(abbv-400),pharmaceutical,Temab-A (ABBV-400),Oncology,Biologic,c-Met,"Biologic,c-Met,Pharmaceutical,Oncology","Non-Small Cell Lung Cancer,Colorectal Cancer,Gastroesophageal adenocarcinoma,Solid Tumors","Temab-A (telisotuzumab adizutecan) (ABBV-400) is an antibody drug conjugate (ADC) targeting cMet with a topoisomerase 1 inhibitor (Top1i) payload that is being investigated to treat non-small cell lung cancer (NSCLC), colorectal cancer (CRC) and gastroesophageal adenocarcinoma (GEA).","Phase 3,Phase 2",Non-Small Cell Lung Cancer,N / A,phase2,phase2
abbv-6628,pharmaceutical,ABBV-6628,Eye Care,Biologic,C5,"C5,Biologic,Pharmaceutical,Eye Care",Geographic Atrophy,ABBV-6628 is an investigational monoclonal antibody fragment being developed for the treatment of geographic atrophy (GA) secondary to (AMD) age-related macular degeneration.,Phase 1,Geographic Atrophy,N / A,phase1,phase1
agn-193408,pharmaceutical,AGN-193408,Eye Care,N / A,PGF2 alpha receptor,"Device,N / A,Eye Care,PGF2 alpha receptor","Ocular Hypertension,Open Angle Glaucoma","AGN-193408, a novel analogue of prostaglandin that increases the outflow of aqueous fluid from the eye and lowers intraocular pressure (IOP), is being investigated for the treatment of open angle glaucoma (OAG) and occular hypertension (OHT).",Phase 2,Open Angle Glaucoma,N / A,phase2,phase2
agn-193408,pharmaceutical,AGN-193408,Eye Care,N / A,PGF2 alpha receptor,"Device,N / A,Eye Care,PGF2 alpha receptor","Ocular Hypertension,Open Angle Glaucoma","AGN-193408, a novel analogue of prostaglandin that increases the outflow of aqueous fluid from the eye and lowers intraocular pressure (IOP), is being investigated for the treatment of open angle glaucoma (OAG) and occular hypertension (OHT).",Phase 2,Ocular Hypertension,N / A,phase2,phase2
surabgene_lomparvovec_(abbv-rgx-314),pharmaceutical,Surabgene Lomparvovec (ABBV-RGX-314),Eye Care,Gene Therapy,VEGF,"Gene Therapy,Pharmaceutical,Eye Care,VEGF","wet AMD (suprachoroidal),wet AMD (subretinal),Diabetic Retinopathy (suprachoroidal)","Surabgene Lomparvovec (ABBV-RGX-314) is a potential one-time gene therapy being investigated for the treatment of wet age-related macular degeneration (wet AMD), diabetic retinopathy (DR) and other chronic retinal diseases. ABBV-RGX-314 is being co-developed by REGENEXBIO and AbbVie.","Phase 3,Phase 2",wet AMD (subretinal),N / A,phase3,phase3
surabgene_lomparvovec_(abbv-rgx-314),pharmaceutical,Surabgene Lomparvovec (ABBV-RGX-314),Eye Care,Gene Therapy,VEGF,"Gene Therapy,Pharmaceutical,Eye Care,VEGF","wet AMD (suprachoroidal),wet AMD (subretinal),Diabetic Retinopathy (suprachoroidal)","Surabgene Lomparvovec (ABBV-RGX-314) is a potential one-time gene therapy being investigated for the treatment of wet age-related macular degeneration (wet AMD), diabetic retinopathy (DR) and other chronic retinal diseases. ABBV-RGX-314 is being co-developed by REGENEXBIO and AbbVie.","Phase 3,Phase 2",wet AMD (suprachoroidal),N / A,phase2,phase2
surabgene_lomparvovec_(abbv-rgx-314),pharmaceutical,Surabgene Lomparvovec (ABBV-RGX-314),Eye Care,Gene Therapy,VEGF,"Gene Therapy,Pharmaceutical,Eye Care,VEGF","wet AMD (suprachoroidal),wet AMD (subretinal),Diabetic Retinopathy (suprachoroidal)","Surabgene Lomparvovec (ABBV-RGX-314) is a potential one-time gene therapy being investigated for the treatment of wet age-related macular degeneration (wet AMD), diabetic retinopathy (DR) and other chronic retinal diseases. ABBV-RGX-314 is being co-developed by REGENEXBIO and AbbVie.","Phase 3,Phase 2",Diabetic Retinopathy (suprachoroidal),N / A,phase2,phase2
botox,pharmaceutical,BOTOX,Aesthetics,Large Molecule,SNARE Proteins,"Large Molecule,Pharmaceutical,SNARE Proteins,Aesthetics","Masseter Prominence,Platysma Prominence,Forehead Lines",BOTOX® is a neurotoxin being investigated for treatment of multiple conditions.,"Approved,Phase 3",Platysma Prominence,US,approved,approved
botox,pharmaceutical,BOTOX,Aesthetics,Large Molecule,SNARE Proteins,"Large Molecule,Pharmaceutical,SNARE Proteins,Aesthetics","Masseter Prominence,Platysma Prominence,Forehead Lines",BOTOX® is a neurotoxin being investigated for treatment of multiple conditions.,"Approved,Phase 3",Masseter Prominence,CN,approved,approved
botox,pharmaceutical,BOTOX,Aesthetics,Large Molecule,SNARE Proteins,"Large Molecule,Pharmaceutical,SNARE Proteins,Aesthetics","Masseter Prominence,Platysma Prominence,Forehead Lines",BOTOX® is a neurotoxin being investigated for treatment of multiple conditions.,"Approved,Phase 3",Forehead Lines,CN,approved,approved
harmonyca,device,HArmonyCa,Aesthetics,N / A,Skin Deformities,"N / A,Device,Skin Deformities,Aesthetics",Mid-Face Volume,"HArmonyCa™ is a dual-action hybrid injectable, with Calcium Hydroxyapatite and cross-linked Hyaluronic Acid, being investigated to restore mid facial volume.","Approved,Confirmation",Mid-Face Volume,N A,confirmation,confirmation
juvederm_volbella_xc,device,JUVEDERM VOLBELLA XC,Aesthetics,N / A,Infraorbital Hollowing,"N / A,Device,Aesthetics,Infraorbital Hollowing",Infraorbital Hollowing,"JUVEDERM® VOLBELLA® XC is a cross-linked, injectable hyaluronic acid filler being investigated for use in infraorbital hollowing.",Approved,Infraorbital Hollowing,US,approved,approved
juvederm_volite_xc,device,JUVEDERM VOLITE XC,Aesthetics,N / A,Skin Deformities,"N / A,Device,Skin Deformities,Aesthetics","Fine Line Reduction,Neck Line Reduction","JUVEDERM® VOLITE® XC is a cross-linked, injectable hyaluronic acid filler being investigated to treat fine lines and skin quality attributes.","Approved,Confirmation",Fine Line Reduction,"US , EU , JA",approved,approved
juvederm_volite_xc,device,JUVEDERM VOLITE XC,Aesthetics,N / A,Skin Deformities,"N / A,Device,Skin Deformities,Aesthetics","Fine Line Reduction,Neck Line Reduction","JUVEDERM® VOLITE® XC is a cross-linked, injectable hyaluronic acid filler being investigated to treat fine lines and skin quality attributes.","Approved,Confirmation",Neck Line Reduction,N A,confirmation,confirmation
juvederm_voluma_xc,device,JUVEDERM VOLUMA XC,Aesthetics,N / A,Age-Related Volume Loss,"N / A,Device,Aesthetics,Age-Related Volume Loss",Temple Augmentation,"JUVEDERM® VOLUMA® XC is a cross-linked, injectable hyaluronic acid filler being investigated for use in temple augmentation.",Approved,Temple Augmentation,US,approved,approved
next_generation_collagen_filler,device,Next Generation Collagen Filler,Aesthetics,N / A,Facial Contouring,"N / A,Device,Facial Contouring,Aesthetics",Facial Volume,Next Generation Collagen Filler is a dermal filler using recombinant human collagen technology under investigation to improve mid-face volume.,Confirmation,Facial Volume,N A,confirmation,confirmation
trenibote,pharmaceutical,TrenibotE,Aesthetics,Large Molecule,SNARE Proteins,"Large Molecule,Pharmaceutical,SNARE Proteins,Aesthetics",Glabellar Lines,TrenibotE (trenibotulinumtoxinE) is being investigated for treatment of glabellar lines.,Submitted,Glabellar Lines,N / A,submitted,submitted
tropoelastin,device,Tropoelastin,Aesthetics,Facial Aesthetics,Skin Deformities,"Facial Aesthetics,Device,Skin Deformities,Aesthetics",Atrophic Scars,Tropoelastin is an injectable gel comprised of a cross-linked tropoelastin matrix under investigation for the correction of atrophic scars.,Confirmation,Atrophic Scars,N A,confirmation,confirmation
abbv-295,pharmaceutical,ABBV-295,Other Specialties,Large Molecule,Long-Acting Amylin Analog,"Long-Acting Amylin Analog,Large Molecule,Pharmaceutical,Other Specialties",Obesity,ABBV-295 is a long-acting amylin analog being investigated for the treatment of obesity.,Phase 1,Obesity,N / A,phase1,phase1
armour_thyroid,pharmaceutical,Armour Thyroid,Other Specialties,Biologic,T3T4,"Biologic,Pharmaceutical,T3T4,Other Specialties",Hypothyroidism,Armour Thyroid being investigated for treatment of hypothyroidism.,Phase 3,Hypothyroidism,N / A,phase3,phase3
